<?xml version = "1.0" encoding = "UTF-8" standalone = "yes"?>
<LICENSES>
<LICENSE>
<INFO>
<USER_LICENSE_NO>78442</USER_LICENSE_NO>
<USER_ID>73987</USER_ID>
<USER_ORGANIZATION>Provided by ChangeVision</USER_ORGANIZATION>
<MANAGER_NAME>For Students</MANAGER_NAME>
<USER_NAME>-</USER_NAME>
<USER_KIND>astah_professional</USER_KIND>
<USER_VERSION>6.0</USER_VERSION>
<USER_TYPE>TimedLicense</USER_TYPE>
<USER_RUN_FROM>2015/06/24</USER_RUN_FROM>
<USER_RUN_TO>2017/08/31</USER_RUN_TO>
<USER_SUPPORT_FROM>2015/06/24</USER_SUPPORT_FROM>
<USER_SUPPORT_TO>2017/08/31</USER_SUPPORT_TO>
<USER_CONSTRAINT>SingleMachine</USER_CONSTRAINT>
<USER_CONSTRAINT2>Academic</USER_CONSTRAINT2>
<USER_CONSTRAINT3>-</USER_CONSTRAINT3>
<MACHINE_IDENTIFICATION_INFOMATIONS></MACHINE_IDENTIFICATION_INFOMATIONS>
<USER_ATTENTION>This license is a single machine license. It cannot be used on other machines.</USER_ATTENTION>
</INFO>
<USER_SIGNATURE>MCwCFC4C5UlmVjT7fwKyb3oqYE8ywZ1+AhQmXXUnv1REa98jAw2MFRwaUHSJhQ==</USER_SIGNATURE>
</LICENSE>
</LICENSES>

